"split","n_rows","rmse","mae","mape_pct"
"test",3264,4481.34001898592,4306.39624309993,2.34813972827438
